Título;ISSN impresa;ISSN en linea;Área;Instituto;URL
A&P continuidad (En línea);;2362-6097;Ciencias sociales y humanidades;Facultad de Arquitectura Planeamito y Diseño, Universidad Nacional de Rosario;https://www.caicyt-conicet.gov.ar/sitio/ap-continuidad-en-linea/
Academia (Buenos Aires);1667-4154;2422-7153;Ciencias sociales y humanidades;;https://www.caicyt-conicet.gov.ar/sitio/academia-buenos-aires/
Acta bioquímica clínica latinoamericana;0325-2957;1851-6114;Ciencias exactas y naturales;;https://www.caicyt-conicet.gov.ar/sitio/acta-bioquimica-clinica-latinoamericana/
Acta gastroenterológica latinoamericana;0300-9033;2469-1119;Ciencias biológicas y de la salud;;https://www.caicyt-conicet.gov.ar/sitio/acta-gastroenterologica-latinoamericana/
Acta odontológica latinoamericana;0326-4815;1852-4834;Ciencias biológicas y de la salud;;https://www.caicyt-conicet.gov.ar/sitio/acta-odontologica-latinoamericana/
Acta psiquiátrica y psicológica de América Latina;0001-6896;2362-2829;Ciencias biológicas y de la salud;;https://www.caicyt-conicet.gov.ar/sitio/acta-psiquiatrica-y-psicologica-de-america-latina/
Acta toxicológica argentina;0327-9286;1851-3743;Ciencias exactas y naturales;;https://www.caicyt-conicet.gov.ar/sitio/acta-toxicologica-argentina/
Acta zoológica Lilloana (En línea);;1852-6098;Ciencias exactas y naturales;Fundación Miguel Lillo;https://www.caicyt-conicet.gov.ar/sitio/acta-zoologica-lilloana-en-linea/
Actualización en nutrición (En línea);;2250-7183;Ciencias biológicas y de la salud;Sociedad Argtina de Nutrición;https://www.caicyt-conicet.gov.ar/sitio/actualizacion-en-nutricion-en-linea/
Actualizaciones en osteología;1666-8975;1669-8983;Ciencias biológicas y de la salud;;https://www.caicyt-conicet.gov.ar/sitio/actualizaciones-en-osteologia/
Actualizaciones en Sida e Infectología (En línea);;2718-7845;Ciencias biológicas y de la salud;Sociedad Argtina de Infectología ;https://www.caicyt-conicet.gov.ar/sitio/actualizaciones-en-sida-e-infectologia-en-linea/
Agriscientia (Córdoba);0327-6244;1668-298X;Ciencias agrarias, ingeniería y materiales;;https://www.caicyt-conicet.gov.ar/sitio/agriscientia-cordoba/
Agronomía & ambiente;2314-2243;2344-9039;Ciencias agrarias, ingeniería y materiales;;https://www.caicyt-conicet.gov.ar/sitio/agronomia-ambiente/
Anacronismo e irrupción;;2250-4982;Ciencias sociales y humanidades;Instituto de Investigaciones Gino Germani;https://www.caicyt-conicet.gov.ar/sitio/anacronismo-e-irrupcion/
Analecta veterinaria;0365-5148;1514-2590;Ciencias biológicas y de la salud;;https://www.caicyt-conicet.gov.ar/sitio/analecta-veterinaria/
Anales (Asociación Física Argentina. En línea);0327-358X;1850-1168;Ciencias exactas y naturales;;https://www.caicyt-conicet.gov.ar/sitio/anales-asociacion-fisica-argentina-en-linea/
Anales de arqueología y etnología (En línea);;2591-3093;Ciencias sociales y humanidades;Facultad de Filosofía y Letras, Universidad Nacional de Cuyo;https://www.caicyt-conicet.gov.ar/sitio/anales-de-arqueologia-y-etnologia-en-linea/
Anales de historia antigua, medieval y moderna (En línea);;1853-1555;Ciencias sociales y humanidades;Facultad de Filosofía y Letras, Universidad de Buos Aires;https://www.caicyt-conicet.gov.ar/sitio/anales-de-historia-antigua-medieval-y-moderna-en-linea/
Anales del Instituto de Arte Americano e Investigaciones Estéticas Mario J. Buschiazzo;0328-9796;2362-2024;Ciencias sociales y humanidades;;https://www.caicyt-conicet.gov.ar/sitio/anales-del-instituto-de-arte-americano-e-investigaciones-esteticas-mario-j-buschiazzo/
Análisis filosófico;0326-1301;1851-9636;Ciencias sociales y humanidades;;https://www.caicyt-conicet.gov.ar/sitio/analisis-filosofico/
Anclajes (Santa Rosa);0329-3807;1851-4669;Ciencias sociales y humanidades;;https://www.caicyt-conicet.gov.ar/sitio/anclajes-santa-rosa/
Andes (Salta);0327-1676;1668-8090;Ciencias sociales y humanidades;;https://www.caicyt-conicet.gov.ar/sitio/andes-salta/
Antigua Matanza;;2545-8701;Ciencias sociales y humanidades;Secretaría de Extsión Universitaria, Universidad Nacional de La Matanza ;https://www.caicyt-conicet.gov.ar/sitio/antigua-matanza/
Antiguo Oriente;1667-9202;X;Ciencias sociales y humanidades;;https://www.caicyt-conicet.gov.ar/sitio/antiguo-oriente/
Antiguos jesuitas en Iberoamérica;;2314-3908;Ciencias sociales y humanidades;;https://www.caicyt-conicet.gov.ar/sitio/antiguos-jesuitas-en-iberoamerica/
Anuario (Centro de Estudios Económicos de la Empresa y el Desarrollo. En línea);;2545-8299;Ciencias sociales y humanidades;Facultad de Cicias Económicas, Universidad de Buos Aires ;https://www.caicyt-conicet.gov.ar/sitio/anuario-centro-de-estudios-economicos-de-la-empresa-y-el-desarrollo-en-linea/
Anuario de Arqueología;1852-8554;2684-0138;Ciencias sociales y humanidades;Facultad de Humanidades y Artes, Universidad Nacional de Rosario ;https://www.caicyt-conicet.gov.ar/sitio/anuario-de-arqueologia/
Anuario de investigaciones (Facultad de Psicología Universidad de Buenos Aires);0329-5885;1851-1686;Ciencias sociales y humanidades;;https://www.caicyt-conicet.gov.ar/sitio/anuario-de-investigaciones-facultad-de-psicologia-universidad-de-buenos-aires/
Anuario de la Escuela de Historia Virtual;1666-5856;1853-7049;Ciencias sociales y humanidades;;https://www.caicyt-conicet.gov.ar/sitio/anuario-de-la-escuela-de-historia-virtual/
Anuario del Centro de Estudios Históricos Profesor Carlos A. Segretti;1666-6836;2683-9164;Ciencias sociales y humanidades;;https://www.caicyt-conicet.gov.ar/sitio/anuario-del-centro-de-estudios-historicos-profesor-carlos-a-segretti/
Anuario del Instituto de Historia Argentina;1668-950X;2314-257X;Ciencias sociales y humanidades;;https://www.caicyt-conicet.gov.ar/sitio/anuario-del-instituto-de-historia-argentina/
Anuario digital;0327-215X;1853-8835;Ciencias sociales y humanidades;;https://www.caicyt-conicet.gov.ar/sitio/anuario-digital/
Anuario Escuela de Archivología;;1852-6446;Ciencias sociales y humanidades;Universidad Nacional de Córdoba;https://www.caicyt-conicet.gov.ar/sitio/anuario-escuela-de-archivologia/
Anuario IEHS;0326-9671;2524-9339;Ciencias sociales y humanidades;;https://www.caicyt-conicet.gov.ar/sitio/anuario-iehs/
Anuario tarea (Ciudad Autónoma de Buenos Aires. En línea);;2469-0422;Ciencias sociales y humanidades;Universidad Nacional de San Martín;https://www.caicyt-conicet.gov.ar/sitio/anuario-tarea-ciudad-autonoma-de-buenos-aires-en-linea/
Aportes para la integración latinoamericana;;2468-9912;Ciencias sociales y humanidades;;https://www.caicyt-conicet.gov.ar/sitio/aportes-para-la-integracion-latinoamericana/
Apuntes de investigación del CECYP;0329-2142;1851-9814;Ciencias sociales y humanidades;;https://www.caicyt-conicet.gov.ar/sitio/apuntes-de-investigacion-del-cecyp/
Archivos argentinos de pediatría;0325-0075;1668-3501;Ciencias biológicas y de la salud;;https://www.caicyt-conicet.gov.ar/sitio/archivos-argentinos-de-pediatria/
Archivos de historia del movimiento obrero y la izquierda (En línea);;2683-9601;Ciencias sociales y humanidades;Instituto de Historia Argtina y Americana “Dr Emilio Ravignani”, Facultad de Filosofía y Letras, Universidad de Buos Aires;https://www.caicyt-conicet.gov.ar/sitio/archivos-de-historia-del-movimiento-obrero-y-la-izquierda-en-linea/
Archivos de medicina familiar y general;1668-8341;2314-159X;Ciencias biológicas y de la salud;;https://www.caicyt-conicet.gov.ar/sitio/archivos-de-medicina-familiar-y-general/
Area (En línea);;2591-5312;Ciencias sociales y humanidades;Facultad de Arquitectura, Diseño y Urbanismo, Universidad de Buos Aires;https://www.caicyt-conicet.gov.ar/sitio/area-en-linea/
Argentinian journal of respiratory and physical therapy;;2618-4095;Ciencias biológicas y de la salud;Asociación Civil Citífica de Difusión y Promoción de la Kinesiología;https://www.caicyt-conicet.gov.ar/sitio/argentinian-journal-of-respiratory-and-physical-therapy/
Argumentos (Buenos Aires);;1666-8979;Ciencias sociales y humanidades;Instituto de Investigaciones Gino Germani;https://www.caicyt-conicet.gov.ar/sitio/argumentos-buenos-aires/
Arqueología (En línea);0327-5159;1853-8126;Ciencias sociales y humanidades;;https://www.caicyt-conicet.gov.ar/sitio/arqueologia-en-linea/
Arquisur revista (En línea);;2250-4206;Ciencias sociales y humanidades;Facultad de Arquitectura, Diseño y Urbanismo, Universidad Nacional del Litoral;https://www.caicyt-conicet.gov.ar/sitio/arquisur-revista-en-linea/
Artilugio (Córdoba);;2408-462X;Ciencias sociales y humanidades;Facultad de Artes, Universidad Nacional de Córdoba;https://www.caicyt-conicet.gov.ar/sitio/artilugio-cordoba/
Astrolabio (Córdoba);;1668-7515;Ciencias sociales y humanidades;Ctro de Investigaciones y Estudios sobre Cultura y Sociedad;https://www.caicyt-conicet.gov.ar/sitio/astrolabio-cordoba/
Atek Na (Ciudad Autónoma de Buenos Aires. En línea);;2422-6726;Ciencias sociales y humanidades;Universidad de Luján;https://www.caicyt-conicet.gov.ar/sitio/atek-na-ciudad-autonoma-de-buenos-aires-en-linea/
Austral comunicación;2313-9129;2313-9137;Ciencias sociales y humanidades;;https://www.caicyt-conicet.gov.ar/sitio/austral-comunicacion/
Avá (Posadas);1515-2413;1851-1694;Ciencias sociales y humanidades;;https://www.caicyt-conicet.gov.ar/sitio/ava-posadas/
Avances del Cesor;1514-3899;2422-6580;Ciencias sociales y humanidades;;https://www.caicyt-conicet.gov.ar/sitio/avances-del-cesor/
Avatares de la comunicación y la cultura;;1853-5925;Ciencias sociales y humanidades;Facultad de cicias Sociales Universidad de Buos Aires;https://www.caicyt-conicet.gov.ar/sitio/avatares-de-la-comunicacion-y-la-cultura/
BAG Journal of basic applied genetics;1666-0390;1852-6233;Ciencias biológicas y de la salud;;https://www.caicyt-conicet.gov.ar/sitio/bag-journal-of-basic-applied-genetics/
Biología acuática (En línea);;1668-4869;Ciencias exactas y naturales;Universidad de La Plata;https://www.caicyt-conicet.gov.ar/sitio/biologia-acuatica-en-linea/
Bioquímica y Patología Clínica (En línea);;2684-0359;Ciencias biológicas y de la salud;Asociación Bioquímica Argtina ;https://www.caicyt-conicet.gov.ar/sitio/bioquimica-y-patologia-clinica-en-linea/
Boletín de arte (La Plata. En línea);;2314-2502;Ciencias sociales y humanidades;Universidad Nacional de La Plata;https://www.caicyt-conicet.gov.ar/sitio/boletin-de-arte-la-plata-en-linea/
Boletín de estética;1668-7132;2408-4417;Ciencias sociales y humanidades;;https://www.caicyt-conicet.gov.ar/sitio/boletin-de-estetica/
Boletín de estudios geográficos (En línea);;2525-1813;Ciencias sociales y humanidades;Facultad de Filosofía y letras, Universidad Nacional de Cuyo;https://www.caicyt-conicet.gov.ar/sitio/boletin-de-estudios-geograficos-en-linea/
Boletín de la Sociedad Argentina de Botánica;0373-580X;1851-2372;Ciencias exactas y naturales;;https://www.caicyt-conicet.gov.ar/sitio/boletin-de-la-sociedad-argentina-de-botanica/
Boletín de literatura comparada;0325-3775;2683-8397;Ciencias sociales y humanidades;;https://www.caicyt-conicet.gov.ar/sitio/boletin-de-literatura-comparada/
Boletín del Instituto de Historia Argentina y Americana Dr Emilio Ravignani;0524-9767;1850-2563;Ciencias sociales y humanidades;;https://www.caicyt-conicet.gov.ar/sitio/boletin-del-instituto-de-historia-argentina-y-americana-dr-emilio-ravignani/
Boletín geográfico (Neuquén);0326-1735;2313-903X;Ciencias sociales y humanidades;;https://www.caicyt-conicet.gov.ar/sitio/boletin-geografico-neuquen/
Bonplandia;0524-0476;1853-8460;Ciencias biológicas y de la salud;;https://www.caicyt-conicet.gov.ar/sitio/bonplandia/
Calamus (Ciudad Autónoma de Buenos Aires);;2545-627X;Ciencias sociales y humanidades;Sociedad Argtina de Estudios Medievales;https://www.caicyt-conicet.gov.ar/sitio/calamus-ciudad-autonoma-de-buenos-aires/
Cátedra paralela (En línea);;2683-9393;Ciencias sociales y humanidades;Facultad de Cicia Política y Relaciones Internacionales, Universidad Nacional de Rosario ;https://www.caicyt-conicet.gov.ar/sitio/catedra-paralela-en-linea/
CELEHIS (Mar del Plata);;2313-9463;Ciencias sociales y humanidades;;https://www.caicyt-conicet.gov.ar/sitio/celehis-mar-del-plata/
Ciclos en la historia, la economía y la sociedad;0327-4063;1851-3735;Ciencias sociales y humanidades;;https://www.caicyt-conicet.gov.ar/sitio/ciclos-en-la-historia-la-economia-y-la-sociedad/
Ciencia del suelo;0326-3169;1850-2067;Ciencias agrarias, ingeniería y materiales;;https://www.caicyt-conicet.gov.ar/sitio/ciencia-del-suelo/
Ciencia veterinaria (En línea);;1853-8495;Ciencias biológicas y de la salud;Universidad Nacional de La Pampa ;https://www.caicyt-conicet.gov.ar/sitio/ciencia-veterinaria-en-linea/
Ciencia, docencia y tecnología;0327-5566;1851-1716;Ciencias sociales y humanidades;;https://www.caicyt-conicet.gov.ar/sitio/ciencia-docencia-y-tecnologia/
Ciencia, tecnología y política (En línea);;2618-3188;Ciencias sociales y humanidades;Universidad Nacional de La Plata;https://www.caicyt-conicet.gov.ar/sitio/ciencia-tecnologia-y-politica-en-linea/
Ciencias administrativas;;2314-3738;Ciencias sociales y humanidades;;https://www.caicyt-conicet.gov.ar/sitio/ciencias-administrativas/
Ciencias agronómicas;1853-4333;2250-8872;Ciencias agrarias, ingeniería y materiales;;https://www.caicyt-conicet.gov.ar/sitio/ciencias-agronomicas/
Circe de clásicos y modernos;1514-3333;1851-1724;Ciencias sociales y humanidades;;https://www.caicyt-conicet.gov.ar/sitio/circe-de-clasicos-y-modernos/
Clepsidra (Ciudad Autónoma de Buenos Aires);;2362-2075;Ciencias sociales y humanidades;Instituto de Desarrollo Económico y Social Núcleo de Estudios sobre Memoria;https://www.caicyt-conicet.gov.ar/sitio/clepsidra-ciudad-autonoma-de-buenos-aires/
Clio y asociados (En línea);;2362-3063;Ciencias sociales y humanidades;Facultad de Formación Docte  Cicias, Universidad Nacional del Litoral;https://www.caicyt-conicet.gov.ar/sitio/clio-y-asociados-en-linea/
Colección – Escuela de Ciencias Políticas. Universidad Católica Argentina Santa María de los Buenos Aires;0328-7998;1850-003X;Ciencias sociales y humanidades;;https://www.caicyt-conicet.gov.ar/sitio/coleccion-escuela-de-ciencias-politicas-universidad-catolica-argentina-santa-maria-de-los-buenos-aires/
Comechingonia;0326-7911;1851-0027;Ciencias sociales y humanidades;;https://www.caicyt-conicet.gov.ar/sitio/comechingonia/
ConCienciaSocial (Córdoba);;2591-5339;Ciencias sociales y humanidades;Facultad de Cicias Sociales, Universidad Nacional de Córdoba;https://www.caicyt-conicet.gov.ar/sitio/concienciasocial-cordoba/
Confabulaciones (San Miguel de Tucumán);;2545-8736;Ciencias sociales y humanidades;Universidad Nacional de Tucumán;https://www.caicyt-conicet.gov.ar/sitio/confabulaciones-san-miguel-de-tucuman/
Confluencia de saberes;;2683-989X;Ciencias sociales y humanidades;Facultad de Cicias de la Educación, Universidad Nacional del Comahue;https://www.caicyt-conicet.gov.ar/sitio/confluencia-de-saberes/
Contabilidad y auditoría (Buenos Aires);1515-2340;1852-446X;Ciencias sociales y humanidades;;https://www.caicyt-conicet.gov.ar/sitio/contabilidad-y-auditoria-buenos-aires/
Coordenadas (Río Cuarto);;2362-4752;Ciencias sociales y humanidades;Universidad Nacional de Río Cuarto ;https://www.caicyt-conicet.gov.ar/sitio/coordenadas-rio-cuarto/
Corpus (Mendoza);;1853-8037;Ciencias sociales y humanidades;;https://www.caicyt-conicet.gov.ar/sitio/corpus-mendoza/
Costos y gestión (En línea);;2545-8329;Ciencias sociales y humanidades;Instituto Argtino de Profesores Universitarios de Costos;https://www.caicyt-conicet.gov.ar/sitio/costos-y-gestion-en-linea/
Crítica y resistencias (En línea);;2525-0841;Ciencias sociales y humanidades;Universidad Nacional de Córdoba, Universidad Católica de Córdoba;https://www.caicyt-conicet.gov.ar/sitio/critica-y-resistencias-en-linea/
Cuaderno urbano;1666-6186;1853-3655;Ciencias agrarias, ingeniería y materiales;;https://www.caicyt-conicet.gov.ar/sitio/cuaderno-urbano/
Cuadernos de antropología social;0327-3776;1850-275X;Ciencias sociales y humanidades;;https://www.caicyt-conicet.gov.ar/sitio/cuadernos-de-antropologia-social/
Cuadernos de economía crítica (En línea);;2525-1538;Ciencias sociales y humanidades;Sociedad de Economía Crítica;https://www.caicyt-conicet.gov.ar/sitio/cuadernos-de-economia-critica-en-linea/
Cuadernos de extensión universitaria de la UNLPam (En linea);;2718-7500;Ciencias sociales y humanidades;Universidad Nacional de La Pampa;https://www.caicyt-conicet.gov.ar/sitio/cuadernos-de-extension-universitaria-de-la-unlpam-en-linea/
Cuadernos de H ideas;1851-8206;2313-9048;Ciencias sociales y humanidades;;https://www.caicyt-conicet.gov.ar/sitio/cuadernos-de-h-ideas/
Cuadernos de Herpetología;0326-551X;1852-5768;Ciencias exactas y naturales;;https://www.caicyt-conicet.gov.ar/sitio/cuadernos-de-herpetologia/
Cuadernos de historia de España (En línea);;1850-2717;Ciencias sociales y humanidades;Facultad de Filosofía y Letras Universidad de Buos Aires;https://www.caicyt-conicet.gov.ar/sitio/cuadernos-de-historia-de-espana-en-linea/
Cuadernos de historia del arte (En línea);;2618-5555;Ciencias sociales y humanidades;Facultad de Filosofía y Letras, Universidad Nacional de Cuyo;https://www.caicyt-conicet.gov.ar/sitio/cuadernos-de-historia-del-arte-en-linea/
Cuadernos de historia. Serie Economía y Sociedad (En línea);;2422-7544;Ciencias sociales y humanidades;Facultad de Filosofía y Humanidades, Universidad Nacional de Córdoba ;https://www.caicyt-conicet.gov.ar/sitio/cuadernos-de-historia-serie-economia-y-sociedad-en-linea/
Cuadernos de humanidades (Salta. En línea);;2683-782X;Ciencias sociales y humanidades;Facultad de Humanidades, Universidad Nacional de Salta;https://www.caicyt-conicet.gov.ar/sitio/cuadernos-de-humanidades-salta-en-linea/
Cuadernos de la Facultad de Humanidades y Ciencias Sociales. Universidad Nacional de Jujuy;;1668-8104;Ciencias sociales y humanidades;;https://www.caicyt-conicet.gov.ar/sitio/cuadernos-de-la-facultad-de-humanidades-y-ciencias-sociales-universidad-nacional-de-jujuy/
Cuadernos de Literatura (Universidad Nacional del Nordeste. En línea);;2684-0499;Ciencias sociales y humanidades;Facultad de Humanidades Universidad Nacional del Nordeste;https://www.caicyt-conicet.gov.ar/sitio/cuadernos-de-literatura-universidad-nacional-del-nordeste-en-linea/
Cuadernos de política exterior argentina (En línea);;1852-7213;Ciencias sociales y humanidades;Ctro de Estudios  Relaciones Internacionales de Rosario ;https://www.caicyt-conicet.gov.ar/sitio/cuadernos-de-politica-exterior-argentina-en-linea/
Cuadernos del Centro de Estudios en Diseño y Comunicación. Ensayos;1668-0227;1853-3523;Ciencias sociales y humanidades;;https://www.caicyt-conicet.gov.ar/sitio/cuadernos-del-centro-de-estudios-en-diseno-y-comunicacion-ensayos/
Cuadernos del CILHA;1515-6125;1852-9615;Ciencias sociales y humanidades;;https://www.caicyt-conicet.gov.ar/sitio/cuadernos-del-cilha/
Cuadernos del CURIHAM (En línea);;2683-8168;Ciencias exactas y naturales;Facultad de Cicias Exactas, Ingiería y Agrimsura, Universidad Nacional de Rosario;https://www.caicyt-conicet.gov.ar/sitio/cuadernos-del-curiham-en-linea/
Cuadernos del Instituto Nacional de Antropología y Pensamiento Latinoamericano (En línea);;2422-7749;Ciencias sociales y humanidades;Instituto Nacional de Antropología y Psamito Latinoamericano, Ministerio de Cultura y Educación;https://www.caicyt-conicet.gov.ar/sitio/cuadernos-del-instituto-nacional-de-antropologia-y-pensamiento-latinoamericano-en-linea/
Cuadernos filosóficos (Rosario);1850-3667;2683-9024;Ciencias sociales y humanidades;;https://www.caicyt-conicet.gov.ar/sitio/cuadernos-filosoficos-rosario/
Cuadernos medievales;;2451-6821;Ciencias sociales y humanidades;;https://www.caicyt-conicet.gov.ar/sitio/cuadernos-medievales/
Cuestiones de sociología;;2346-8904;Ciencias sociales y humanidades;;https://www.caicyt-conicet.gov.ar/sitio/cuestiones-de-sociologia/
Cultura económica (En línea);;1852-5342;Ciencias sociales y humanidades;Facultad de Cicias Sociales y Económicas, Universidad Católica Argtina;https://www.caicyt-conicet.gov.ar/sitio/cultura-economica-en-linea/
Culturas (Santa Fe. En línea);;2362-5538;Ciencias sociales y humanidades;Facultad de Humanidades y Cicias ;https://www.caicyt-conicet.gov.ar/sitio/culturas-santa-fe-en-linea/
Cuyo anuario de filosofía argentina y americana;1514-9935;1853-3175;Ciencias sociales y humanidades;;https://www.caicyt-conicet.gov.ar/sitio/cuyo-anuario-de-filosofia-argentina-y-americana/
Cuyonomics (Mendoza);;2591-555X;Ciencias sociales y humanidades;Facultad de Cicias Económicas Universidad Nacional de Cuyo;https://www.caicyt-conicet.gov.ar/sitio/cuyonomics-mendoza/
Darwiniana;0011-6793;1850-1699;Ciencias exactas y naturales;;https://www.caicyt-conicet.gov.ar/sitio/darwiniana/
De prácticas y discursos;;2250-6942;Ciencias sociales y humanidades;Universidad Nacional del Nordeste;https://www.caicyt-conicet.gov.ar/sitio/de-practicas-y-discursos/
Debate universitario (Ciudad Autónoma de Buenos Aires);2314-1530;2314-2138;Ciencias sociales y humanidades;;https://www.caicyt-conicet.gov.ar/sitio/debate-universitario-ciudad-autonoma-de-buenos-aires/
Del prudente saber y el máximo posible de sabor (En línea);;2618-4141;Ciencias sociales y humanidades;Facultad de Cicias de la Educación, Universidad Nacional de tre Ríos ;https://www.caicyt-conicet.gov.ar/sitio/del-prudente-saber-y-el-maximo-posible-de-sabor-en-linea/
Delito y sociedad;;0328-0101;Ciencias sociales y humanidades;;https://www.caicyt-conicet.gov.ar/sitio/delito-y-sociedad/
Derecho y ciencias sociales (La Plata);1852-2971;1853-0982;Ciencias sociales y humanidades;;https://www.caicyt-conicet.gov.ar/sitio/derecho-y-ciencias-sociales-la-plata/
Dermatología argentina;;1669-1636;Ciencias biológicas y de la salud;;https://www.caicyt-conicet.gov.ar/sitio/dermatologia-argentina/
Desarrollo económico (Buenos Aires);;0046-001X;Ciencias sociales y humanidades;;https://www.caicyt-conicet.gov.ar/sitio/desarrollo-economico-buenos-aires/
Desarrollo, Estado y Espacio;;2796-9606;Ciencias sociales y humanidades;Facultad de Cicias Jurídicas y Sociales, Universidad Nacional del Litoral;https://www.caicyt-conicet.gov.ar/sitio/desarrollo-estado-y-espacio/
Descentrada (Ensenada);;2545-7284;Ciencias sociales y humanidades;Instituto de Investigaciones  Humanidades y Cicias Sociales, Consejo Nacional de Investigaciones Citíficas y Técnicas ;https://www.caicyt-conicet.gov.ar/sitio/descentrada-ensenada/
Diaeta (Buenos Aires);0328-1310;1852-7337;Ciencias biológicas y de la salud;;https://www.caicyt-conicet.gov.ar/sitio/diaeta-buenos-aires/
Diferencia(s) (Ciudad Autónoma de Buenos Aires);;2469-1100;Ciencias sociales y humanidades;Instituto de Investigaciones “Gino Germani”, Facultad de Cicias Sociales, Universidad de Buos Aires;https://www.caicyt-conicet.gov.ar/sitio/diferencias-ciudad-autonoma-de-buenos-aires/
Documentos y aportes en administración pública y gestión estatal;1666-4124;1851-3727;Ciencias sociales y humanidades;;https://www.caicyt-conicet.gov.ar/sitio/documentos-y-aportes-en-administracion-publica-y-gestion-estatal/
e-latina (Buenos Aires);;1666-9606;Ciencias sociales y humanidades;;https://www.caicyt-conicet.gov.ar/sitio/e-latina-buenos-aires/
Ecología austral;0327-5477;1667-782X;Ciencias biológicas y de la salud;;https://www.caicyt-conicet.gov.ar/sitio/ecologia-austral/
Económica (La Plata);0013-0419;1852-1649;Ciencias sociales y humanidades;;https://www.caicyt-conicet.gov.ar/sitio/economica-la-plata/
Educación en la química (En línea);;2344-9683;Ciencias exactas y naturales;Asociación de Educadores  la Química de la República Argtina;https://www.caicyt-conicet.gov.ar/sitio/educacion-en-la-quimica-en-linea/
Educación física y ciencia;1514-0105;2314-2561;Ciencias sociales y humanidades;;https://www.caicyt-conicet.gov.ar/sitio/educacion-fisica-y-ciencia/
Educación y vínculos;;2591-6327;Ciencias sociales y humanidades;Facultad de Cicias de la Educación, Universidad Nacional de tre Rios;https://www.caicyt-conicet.gov.ar/sitio/educacion-y-vinculos/
Educación, lenguaje y sociedad;1668-4753;2545-7667;Ciencias sociales y humanidades;;https://www.caicyt-conicet.gov.ar/sitio/educacion-lenguaje-y-sociedad/
Ejes de economía y sociedad;;2591-4669;Ciencias sociales y humanidades;Facultad de Cicias Económicas, Universidad Nacional de tre Ríos ;https://www.caicyt-conicet.gov.ar/sitio/ejes-de-economia-y-sociedad/
El cardo (Paraná. En línea);;1851-1562;Ciencias sociales y humanidades;Facultad de Cicias de la Educación, Universidad Nacional de tre Ríos;https://www.caicyt-conicet.gov.ar/sitio/el-cardo-parana-en-linea/
El hilo de la fábula;1667-7900;2362-5651;Ciencias sociales y humanidades;;https://www.caicyt-conicet.gov.ar/sitio/el-hilo-de-la-fabula/
El Hornero (Buenos Aires);0073-3407;1850-4884;Ciencias biológicas y de la salud;;https://www.caicyt-conicet.gov.ar/sitio/el-hornero-buenos-aires/
El oído pensante;;2250-1776;Ciencias sociales y humanidades;;https://www.caicyt-conicet.gov.ar/sitio/el-oido-pensante/
El taco en la brea;;2362-4191;Ciencias sociales y humanidades;Facultad de Humanidades y Cicias Sociales, Universidad Nacional del Litoral ;https://www.caicyt-conicet.gov.ar/sitio/el-taco-en-la-brea/
Enfoques (Libertador San Martín);1514-6006;1669-2721;Ciencias sociales y humanidades;;https://www.caicyt-conicet.gov.ar/sitio/enfoques-libertador-san-martin/
Ensayos económicos;0325-3937;1850-6046;Ciencias sociales y humanidades;;https://www.caicyt-conicet.gov.ar/sitio/ensayos-economicos/
Epistemología e historia de la ciencia;;2525-1198;Ciencias sociales y humanidades;Facultad de Filosofía y Humanidades Universidad Nacional de Córdoba;https://www.caicyt-conicet.gov.ar/sitio/epistemologia-e-historia-de-la-ciencia/
Escritos contables y de administración (En línea);;1853-2055;Ciencias sociales y humanidades;Universidad Nacional del Sur;https://www.caicyt-conicet.gov.ar/sitio/escritos-contables-y-de-administracion-en-linea/
Espacios en blanco. Serie indagaciones;1515-9485;2313-9927;Ciencias sociales y humanidades;;https://www.caicyt-conicet.gov.ar/sitio/espacios-en-blanco-serie-indagaciones/
Estudios de filosofía práctica e historia de las ideas;1515-7180;1851-9490;Ciencias sociales y humanidades;;https://www.caicyt-conicet.gov.ar/sitio/estudios-de-filosofia-practica-e-historia-de-las-ideas/
Estudios de historia de España;;0328-0284;Ciencias sociales y humanidades;;https://www.caicyt-conicet.gov.ar/sitio/estudios-de-historia-de-espana/
Estudios de teoría literaria;;2313-9676;Ciencias sociales y humanidades;;https://www.caicyt-conicet.gov.ar/sitio/estudios-de-teoria-literaria/
Estudios del ISHiR;;2250-4397;Ciencias sociales y humanidades;Unidad Ejecutora  Red ISHIR, CONICET ;https://www.caicyt-conicet.gov.ar/sitio/estudios-del-ishir/
Estudios del trabajo;0327-5744;2545-7756;Ciencias sociales y humanidades;;https://www.caicyt-conicet.gov.ar/sitio/estudios-del-trabajo/
Estudios digital;0328-185X;1852-1568;Ciencias sociales y humanidades;;https://www.caicyt-conicet.gov.ar/sitio/estudios-digital/
Estudios económicos (En línea);0425-368X;2525-1295;Ciencias sociales y humanidades;Universidad Nacional del Sur ;https://www.caicyt-conicet.gov.ar/sitio/estudios-economicos-en-linea/
Estudios rurales;;2250-4001;Ciencias sociales y humanidades;Universidad Nacional de Quilmes ;https://www.caicyt-conicet.gov.ar/sitio/estudios-rurales/
Estudios sociales (Santa Fe);0327-4934;2250-6950;Ciencias sociales y humanidades;;https://www.caicyt-conicet.gov.ar/sitio/estudios-sociales-santa-fe/
Estudios sociales contemporáneos (En línea);;2451-5965;Ciencias sociales y humanidades;Facultad de Filosofía y Letras, Universidad Nacional de Cuyo;https://www.caicyt-conicet.gov.ar/sitio/estudios-sociales-contemporaneos-en-linea/
Estudios sociales del estado;;2422-7803;Ciencias sociales y humanidades;Ctro de Investigaciones Sociales, Consejo Nacional de Investigaciones Citíficas y Tecnológicas;https://www.caicyt-conicet.gov.ar/sitio/estudios-sociales-del-estado/
Estudios socioterritoriales;1515-6206;1853-4392;Ciencias sociales y humanidades;;https://www.caicyt-conicet.gov.ar/sitio/estudios-socioterritoriales/
Estudios y perspectivas en turismo;0327-5841;1851-1732;Ciencias sociales y humanidades;;https://www.caicyt-conicet.gov.ar/sitio/estudios-y-perspectivas-en-turismo/
Etcétera (Córdoba);;2618-4281;Ciencias sociales y humanidades;Universidad Nacional de Córdoba;https://www.caicyt-conicet.gov.ar/sitio/etcetera-cordoba/
Etica & cine;2250-5660;2250-5415;Ciencias sociales y humanidades;;https://www.caicyt-conicet.gov.ar/sitio/etica-cine/
Etnografías contemporáneas (En línea);1669-2632;2451-8050;Ciencias sociales y humanidades;;https://www.caicyt-conicet.gov.ar/sitio/etnografias-contemporaneas-en-linea/
Evaluar (En línea);;1667-4545;Ciencias sociales y humanidades;Facultad de Psicología, Universidad Nacional de Córdoba;https://www.caicyt-conicet.gov.ar/sitio/evaluar-en-linea/
FAVE. Sección ciencias agrarias;1666-7719;2346-9129;Ciencias agrarias, ingeniería y materiales;;https://www.caicyt-conicet.gov.ar/sitio/fave-seccion-ciencias-agrarias/
FAVE. Sección ciencias veterinarias;1666-938X;2362-5589;Ciencias biológicas y de la salud;;https://www.caicyt-conicet.gov.ar/sitio/fave-seccion-ciencias-veterinarias/
Filología;0071-495X;2422-6009;Ciencias sociales y humanidades;;https://www.caicyt-conicet.gov.ar/sitio/filologia/
Folia histórica del nordeste;0325-8238;2525-1627;Ciencias sociales y humanidades;;https://www.caicyt-conicet.gov.ar/sitio/folia-historica-del-nordeste/
Geoacta;0326-7237;1852-7744;Ciencias exactas y naturales;;https://www.caicyt-conicet.gov.ar/sitio/geoacta/
Geográfica digital;;1668-5180;Ciencias sociales y humanidades;Facultad de Humanidades, Universidad Nacional del Nordeste;https://www.caicyt-conicet.gov.ar/sitio/geografica-digital/
Geograficando (La Plata);1850-1885;2346-898X;Ciencias sociales y humanidades;;https://www.caicyt-conicet.gov.ar/sitio/geograficando-la-plata/
Grado Cero;;2683-9784;Ciencias sociales y humanidades;Universidad de Cicias Empresariales y Sociales;https://www.caicyt-conicet.gov.ar/sitio/grado-cero/
H-industri@ (Ciudad Autónoma de Buenos Aires);;1853-550X;Ciencias sociales y humanidades;;https://www.caicyt-conicet.gov.ar/sitio/h-industri-ciudad-autonoma-de-buenos-aires/
Hematología (En línea);;2250-8309;Ciencias biológicas y de la salud;Sociedad Argtina de Hematología;https://www.caicyt-conicet.gov.ar/sitio/hematologia-en-linea/
Historia de la educación anuario;1669-8568;2313-9277;Ciencias sociales y humanidades;;https://www.caicyt-conicet.gov.ar/sitio/historia-de-la-educacion-anuario/
Historia regional (Villa Constitución. En línea);;0329-8213;Ciencias sociales y humanidades;;https://www.caicyt-conicet.gov.ar/sitio/historia-regional-villa-constitucion-en-linea/
Historia y Guerra;;2796-8650;Ciencias sociales y humanidades;Facultad de Filosofía y Letras, Universidad de Buos Aires;https://www.caicyt-conicet.gov.ar/sitio/historia-y-guerra/
Huellas (Santa Rosa. En línea);0329-0573;2362-5643;Ciencias sociales y humanidades;Facultad de Cicias Humanas, Universidad Nacional de La Pampa ;https://www.caicyt-conicet.gov.ar/sitio/huellas-santa-rosa-en-linea/
Iberoamerican journal of project management (Mar del Plata);;2346-9161;Ciencias agrarias, ingeniería y materiales;;https://www.caicyt-conicet.gov.ar/sitio/iberoamerican-journal-of-project-management-mar-del-plata/
Ideas (Ciudad Autónoma de Buenos Aires);;2451-6910;Ciencias sociales y humanidades;Red Argtina de Grupos de Investigación  Filosofía;https://www.caicyt-conicet.gov.ar/sitio/ideas-ciudad-autonoma-de-buenos-aires/
Imagofagia (Buenos Aires);;1852-9550;Ciencias sociales y humanidades;;https://www.caicyt-conicet.gov.ar/sitio/imagofagia-buenos-aires/
Incipit;0326-0941;2683-9199;Ciencias sociales y humanidades;;https://www.caicyt-conicet.gov.ar/sitio/incipit/
Información, cultura y sociedad;1514-8327;1851-1740;Ciencias sociales y humanidades;;https://www.caicyt-conicet.gov.ar/sitio/informacion-cultura-y-sociedad/
Insuficiencia cardíaca;1850-1044;1852-3862;Ciencias biológicas y de la salud;;https://www.caicyt-conicet.gov.ar/sitio/insuficiencia-cardiaca/
Integración y conocimiento (En línea);;2347-0658;Ciencias sociales y humanidades;Universidad Nacional de Córdoba;https://www.caicyt-conicet.gov.ar/sitio/integracion-y-conocimiento-en-linea/
Interdisciplinaria;0325-8203;1668-7027;Ciencias sociales y humanidades;;https://www.caicyt-conicet.gov.ar/sitio/interdisciplinaria/
Intersecciones en antropología;1666-2105;1850-373X;Ciencias sociales y humanidades;;https://www.caicyt-conicet.gov.ar/sitio/intersecciones-en-antropologia/
Intersecciones en Comunicación (En línea);;2250-4184;Ciencias sociales y humanidades;Facultad de Cicias Sociales, Universidad Nacional del Ctro de la Provincia de Buos Aires ;https://www.caicyt-conicet.gov.ar/sitio/intersecciones-en-comunicacion-en-linea/
InVet;1514-6634;1668-3498;Ciencias biológicas y de la salud;;https://www.caicyt-conicet.gov.ar/sitio/invet/
Itinerantes (San Miguel de Tucumán. En línea);;2525-2178;Ciencias sociales y humanidades;Universidad del Norte Santo Tomás de Aquino;https://www.caicyt-conicet.gov.ar/sitio/itinerantes-san-miguel-de-tucuman-en-linea/
Itinerarios educativos (En línea);;2362-5554;Ciencias sociales y humanidades;Universidad Nacional del Litoral;https://www.caicyt-conicet.gov.ar/sitio/itinerarios-educativos-en-linea/
Ixtli;;2408-4751;Ciencias sociales y humanidades;;https://www.caicyt-conicet.gov.ar/sitio/ixtli/
Journal of Applied Economics;1514-0326;1667-6726;Ciencias sociales y humanidades;;https://www.caicyt-conicet.gov.ar/sitio/journal-of-applied-economics/
Journal of computer science and technology (La Plata. En línea);1666-6046;1666-6038;Ciencias exactas y naturales;;https://www.caicyt-conicet.gov.ar/sitio/journal-of-computer-science-and-technology-la-plata-en-linea/
La aljaba;0328-6169;1669-5704;Ciencias sociales y humanidades;;https://www.caicyt-conicet.gov.ar/sitio/la-aljaba/
La trama de la comunicación;1668-5628;2314-2634;Ciencias sociales y humanidades;;https://www.caicyt-conicet.gov.ar/sitio/la-trama-de-la-comunicacion/
La zaranda de ideas;1669-7456;1853-1296;Ciencias sociales y humanidades;;https://www.caicyt-conicet.gov.ar/sitio/la-zaranda-de-ideas/
Latin American applied research;0327-0793;1851-8796;Ciencias agrarias, ingeniería y materiales;;https://www.caicyt-conicet.gov.ar/sitio/latin-american-applied-research/
Latin American journal of pharmacy;0326-2383;2362-3853;Ciencias exactas y naturales;;https://www.caicyt-conicet.gov.ar/sitio/latin-american-journal-of-pharmacy/
Latin American journal of sedimentology and basin analysis;1669-7316;1851-4979;Ciencias exactas y naturales;;https://www.caicyt-conicet.gov.ar/sitio/latin-american-journal-of-sedimentology-and-basin-analysis/
Lavboratorio (En línea);;1852-4435;Ciencias sociales y humanidades;Facultad de cicias Sociales Universidad de Buos Aires;https://www.caicyt-conicet.gov.ar/sitio/lavboratorio-en-linea/
Lilloa;0075-9481;2346-9641;Ciencias biológicas y de la salud;;https://www.caicyt-conicet.gov.ar/sitio/lilloa/
Lúdicamente (Ciudad Autónoma de Buenos Aires);;2250-723X;Ciencias sociales y humanidades;;https://www.caicyt-conicet.gov.ar/sitio/ludicamente-ciudad-autonoma-de-buenos-aires/
Magallánica;;2422-779X;Ciencias sociales y humanidades;;https://www.caicyt-conicet.gov.ar/sitio/magallanica/
Marine and fishery sciences (En línea);;2683-7951;Ciencias exactas y naturales;Instituto Nacional de Investigación y Desarrollo Pesquero;https://www.caicyt-conicet.gov.ar/sitio/marine-and-fishery-sciences-en-linea/
Masquedós (Tandil. En línea);;2469-2158;Ciencias sociales y humanidades;Universidad Nacional del Ctro de la Provincia de Buos Aires;https://www.caicyt-conicet.gov.ar/sitio/masquedos-tandil-en-linea/
Mastozoología neotropical;0327-9383;1666-0536;Ciencias biológicas y de la salud;;https://www.caicyt-conicet.gov.ar/sitio/mastozoologia-neotropical/
Medicina (Buenos Aires);0025-7680;1669-9106;Ciencias biológicas y de la salud;;https://www.caicyt-conicet.gov.ar/sitio/medicina-buenos-aires/
Memoria americana;0327-5752;1851-3751;Ciencias sociales y humanidades;;https://www.caicyt-conicet.gov.ar/sitio/memoria-americana/
Meteorológica;0325-187X;1850-468X;Ciencias exactas y naturales;;https://www.caicyt-conicet.gov.ar/sitio/meteorologica/
Miríada (En línea);;2250-4621;Ciencias sociales y humanidades;Facultad de Cicias Sociales, Universidad del Salvador;https://www.caicyt-conicet.gov.ar/sitio/miriada-en-linea/
Mora (Buenos Aires);0328-8773;1853-001X;Ciencias sociales y humanidades;;https://www.caicyt-conicet.gov.ar/sitio/mora-buenos-aires/
Multequina (Mendoza);0327-9375;1852-7329;Ciencias biológicas y de la salud;;https://www.caicyt-conicet.gov.ar/sitio/multequina-mendoza/
Mundo agrario;;1515-5994;Ciencias sociales y humanidades;;https://www.caicyt-conicet.gov.ar/sitio/mundo-agrario/
Mundo de antes;1514-982X;2362-325X;Ciencias sociales y humanidades;;https://www.caicyt-conicet.gov.ar/sitio/mundo-de-antes/
Nuevo itinerario (En línea);;1850-3578;Ciencias sociales y humanidades;Universidad Nacional del Nordeste;https://www.caicyt-conicet.gov.ar/sitio/nuevo-itinerario-en-linea/
Nuevo pensamiento (San Miguel, Provincia de Buenos Aires);;1853-7596;Ciencias sociales y humanidades;Universidad del Salvador;https://www.caicyt-conicet.gov.ar/sitio/nuevo-pensamiento-san-miguel-provincia-de-buenos-aires/
Odisea (Ciudad Autónoma de Buenos Aires. 2014);;2408-445X;Ciencias sociales y humanidades;Facultad de Cicias Sociales, Universidad de Buos Aires ;https://www.caicyt-conicet.gov.ar/sitio/odisea-ciudad-autonoma-de-buenos-aires-2014/
Olivar (La Plata);1515-1115;1852-4478;Ciencias sociales y humanidades;;https://www.caicyt-conicet.gov.ar/sitio/olivar-la-plata/
OMNIA (Salta. En línea);;2618-4699;Ciencias sociales y humanidades;Facultad de Cicias Jurídicas, Universidad Católica de Salta;https://www.caicyt-conicet.gov.ar/sitio/omnia-salta-en-linea/
Orbis tertius;0328-8188;1851-7811;Ciencias sociales y humanidades;;https://www.caicyt-conicet.gov.ar/sitio/orbis-tertius/
Orientación y sociedad;1515-6877;1851-8893;Ciencias sociales y humanidades;;https://www.caicyt-conicet.gov.ar/sitio/orientacion-y-sociedad/
Otra economía;;1851-4715;Ciencias sociales y humanidades;Red de Investigadores Latinoamericanos de Economía Social y Solidaria;https://www.caicyt-conicet.gov.ar/sitio/otra-economia/
Páginas (Rosario);;1851-992X;Ciencias sociales y humanidades;;https://www.caicyt-conicet.gov.ar/sitio/paginas-rosario/
Páginas de filosofía (En línea);0327-5108;1853-7960;Ciencias sociales y humanidades;;https://www.caicyt-conicet.gov.ar/sitio/paginas-de-filosofia-en-linea/
Palabra clave;1666-2938;1853-9912;Ciencias sociales y humanidades;;https://www.caicyt-conicet.gov.ar/sitio/palabra-clave/
Pampa (Santa Fe);1669-3299;2314-0208;Ciencias sociales y humanidades;;https://www.caicyt-conicet.gov.ar/sitio/pampa-santa-fe/
Papeles de trabajo (Instituto de Altos Estudios Sociales. En línea);0327-6147;1851-2577;Ciencias sociales y humanidades;;https://www.caicyt-conicet.gov.ar/sitio/papeles-de-trabajo-instituto-de-altos-estudios-sociales-en-linea/
Papeles de trabajo – Centro de Estudios Interdisciplinarios en Etnolingüística Socio-Cultural;0327-6147;1852-4508;Ciencias sociales y humanidades;;https://www.caicyt-conicet.gov.ar/sitio/papeles-de-trabajo-centro-de-estudios-interdisciplinarios-en-etnolinguistica-socio-cultural/
Papers in physics;;1852-4249;Ciencias exactas y naturales;;https://www.caicyt-conicet.gov.ar/sitio/papers-in-physics/
Párrafos geográficos (En línea);;1853-9424;Ciencias sociales y humanidades;Universidad Nacional de la Patagonia San Juan Bosco;https://www.caicyt-conicet.gov.ar/sitio/parrafos-geograficos-en-linea/
Pasado abierto;;2451-6961;Ciencias sociales y humanidades;;https://www.caicyt-conicet.gov.ar/sitio/pasado-abierto/
Patristica et Mediaevalia;;2683-9636;Ciencias sociales y humanidades;Facultad de Filosofía y Letras, Universidad de Buos Aires;https://www.caicyt-conicet.gov.ar/sitio/patristica-et-mediaevalia/
Pensum (Córdoba);;2469-0724;Ciencias sociales y humanidades;Facultad de Arquitectura, Urbanismo y Diseño Universidad Nacional de Córdoba;https://www.caicyt-conicet.gov.ar/sitio/pensum-cordoba/
Perspectivas de las ciencias económicas y jurídicas;2250-4087;2545-8566;Ciencias sociales y humanidades;;https://www.caicyt-conicet.gov.ar/sitio/perspectivas-de-las-ciencias-economicas-y-juridicas/
Perspectivas en psicología;1668-7175;1853-8800;Ciencias sociales y humanidades;;https://www.caicyt-conicet.gov.ar/sitio/perspectivas-en-psicologia/
Perspectivas revista de ciencias sociales;;2525-1112;Ciencias sociales y humanidades;Facultad de Cicia Política y Relaciones Internacionales, Universidad Nacional de Rosario;https://www.caicyt-conicet.gov.ar/sitio/perspectivas-revista-de-ciencias-sociales/
Población de Buenos Aires (En línea);;2953-3538;Ciencias sociales y humanidades;Ministerio de Hacida y Finanzas, Gobierno de la Ciudad de Buos Aires;https://www.caicyt-conicet.gov.ar/sitio/poblacion-de-buenos-aires-en-linea/
Población y sociedad;0328-3445;1852-8562;Ciencias sociales y humanidades;;https://www.caicyt-conicet.gov.ar/sitio/poblacion-y-sociedad/
Polhis (Mar del Plata);;1853-7723;Ciencias sociales y humanidades;;https://www.caicyt-conicet.gov.ar/sitio/polhis-mar-del-plata/
Polifonías;2314-0488;2314-0496;Ciencias sociales y humanidades;;https://www.caicyt-conicet.gov.ar/sitio/polifonias/
Políticas de la memoria (En línea);;2683-7234;Ciencias sociales y humanidades;Universidad Nacional de San Martín;https://www.caicyt-conicet.gov.ar/sitio/politicas-de-la-memoria-en-linea/
Postdata (Buenos Aires);1515-209X;1851-9601;Ciencias sociales y humanidades;;https://www.caicyt-conicet.gov.ar/sitio/postdata-buenos-aires/
Práctica arqueológica;;2618-2874;Ciencias sociales y humanidades;Asociación de Arqueólogos Profesionales de la República Argtina;https://www.caicyt-conicet.gov.ar/sitio/practica-arqueologica/
Prácticas de oficio;;1851-6076;Ciencias sociales y humanidades;;https://www.caicyt-conicet.gov.ar/sitio/practicas-de-oficio/
Praxis educativa (Santa Rosa);0328-9702;2313-934X;Ciencias sociales y humanidades;;https://www.caicyt-conicet.gov.ar/sitio/praxis-educativa-santa-rosa/
Prismas;1666-1508;1852-0499;Ciencias sociales y humanidades;;https://www.caicyt-conicet.gov.ar/sitio/prismas/
Prohistoria (Rosario);1514-0032;1851-9504;Ciencias sociales y humanidades;;https://www.caicyt-conicet.gov.ar/sitio/prohistoria-rosario/
Propuesta educativa (Buenos Aires);0327-4829;1995-7785;Ciencias sociales y humanidades;;https://www.caicyt-conicet.gov.ar/sitio/propuesta-educativa-buenos-aires/
Proyección (Mendoza. En línea);;1852-0006;Ciencias sociales y humanidades;Facultad de Filosofía y Letras, Universidad Nacional de Cuyo;https://www.caicyt-conicet.gov.ar/sitio/proyeccion-mendoza-en-linea/
Prudentia iuris (En línea);;2524-9525;Ciencias sociales y humanidades;Facultad de Derecho y Cicias Políticas, Universidad Católica Argtina;https://www.caicyt-conicet.gov.ar/sitio/prudentia-iuris-en-linea/
Psicodebate (Buenos Aires);1515-2251;2451-6600;Ciencias sociales y humanidades;;https://www.caicyt-conicet.gov.ar/sitio/psicodebate-buenos-aires/
Psiencia. Revista latinoamericana de ciencia psicológica;2250-5490;2250-5504;Ciencias sociales y humanidades;;https://www.caicyt-conicet.gov.ar/sitio/psiencia-revista-latinoamericana-de-ciencia-psicologica/
Psocial (Ciudad Autónoma de Buenos Aires);;2422-619X;Ciencias sociales y humanidades;Facultad de Cicias Sociales, Universidad de Buos Aires;https://www.caicyt-conicet.gov.ar/sitio/psocial-ciudad-autonoma-de-buenos-aires/
Publicación electrónica de la Asociación Paleontológica Argentina;;2469-0228;Ciencias exactas y naturales;;https://www.caicyt-conicet.gov.ar/sitio/publicacion-electronica-de-la-asociacion-paleontologica-argentina/
Publicaciones de la Asociación Argentina de Humanidades Digitales;;2718-7470;Ciencias sociales y humanidades;Universidad Nacional de La Plata;https://www.caicyt-conicet.gov.ar/sitio/publicaciones-de-la-asociacion-argentina-de-humanidades-digitales/
Publicar en antropología y ciencias sociales (En línea);;2250-7671;Ciencias sociales y humanidades;Colegio de Graduados  Antropología de la República Argtina;https://www.caicyt-conicet.gov.ar/sitio/publicar-en-antropologia-y-ciencias-sociales-en-linea/
Punto Sur (Ciudad Autónoma de Buenos Aires);;2683-7404;Ciencias sociales y humanidades;Facultad de Filosofía y Letras, Universidad de Buos Aires;https://www.caicyt-conicet.gov.ar/sitio/punto-sur-ciudad-autonoma-de-buenos-aires/
Pymes, innovación y desarrollo;;2344-9195;Ciencias sociales y humanidades;Asociación Civil Red Pymes Mercosur ;https://www.caicyt-conicet.gov.ar/sitio/pymes-innovacion-y-desarrollo/
Quebracho (Santiago del Estero);0328-0543;1851-3026;Ciencias agrarias, ingeniería y materiales;;https://www.caicyt-conicet.gov.ar/sitio/quebracho-santiago-del-estero/
Quid 16;;2250-4060;Ciencias sociales y humanidades;;https://www.caicyt-conicet.gov.ar/sitio/quid-16/
Química viva;;1666-7948;Ciencias exactas y naturales;;https://www.caicyt-conicet.gov.ar/sitio/quimica-viva/
Quinto sol;0329-2665;1851-2879;Ciencias sociales y humanidades;;https://www.caicyt-conicet.gov.ar/sitio/quinto-sol/
Quintú quimün;;2591-541X;Ciencias sociales y humanidades;Facultad de Lguas Universidad Nacional del Comahue;https://www.caicyt-conicet.gov.ar/sitio/quintu-quimun/
RASAL Lingüística;;2618-3455;Ciencias sociales y humanidades;;https://www.caicyt-conicet.gov.ar/sitio/rasal-linguistica/
Realidad económica;;2618-1711;Ciencias sociales y humanidades;;https://www.caicyt-conicet.gov.ar/sitio/realidad-economica/
Realidad, tendencias y desafíos en turismo (En línea);;2545-6199;Ciencias sociales y humanidades;Facultad de Turismo, Universidad Nacional del Comahue;https://www.caicyt-conicet.gov.ar/sitio/realidad-tendencias-y-desafios-en-turismo-en-linea/
Recial (En línea);;2718-658X;Ciencias sociales y humanidades;Facultad de Filosofía y Humanidades, Universidad Nacional de Córdoba;https://www.caicyt-conicet.gov.ar/sitio/recial-en-linea/
Redes (Bernal);0328-3186;1851-7072;Ciencias sociales y humanidades;;https://www.caicyt-conicet.gov.ar/sitio/redes-bernal/
Registros (En línea);;2250-8112;Ciencias sociales y humanidades;Universidad Nacional de Mar del Plata;https://www.caicyt-conicet.gov.ar/sitio/registros-en-linea/
Relaciones (Sociedad Argentina de Antropología);0325-2221;1852-1479;Ciencias sociales y humanidades;;https://www.caicyt-conicet.gov.ar/sitio/relaciones-sociedad-argentina-de-antropologia/
Relaciones internacionales (La Plata);1515-3371;2314-2766;Ciencias sociales y humanidades;;https://www.caicyt-conicet.gov.ar/sitio/relaciones-internacionales-la-plata/
República y derecho (Mendoza);;2525-1937;Ciencias sociales y humanidades;Facultad de Derecho, Universidad Nacional de Cuyo;https://www.caicyt-conicet.gov.ar/sitio/republica-y-derecho-mendoza/
Res gesta;0325-772X;2525-0884;Ciencias sociales y humanidades;Facultad de Derecho y Cicias Sociales de Rosario, Pontificia Universidad Católica Argtina ;https://www.caicyt-conicet.gov.ar/sitio/res-gesta/
Respirar (Ciudad Autónoma de Buenos Aires);;2953-3414;Ciencias biológicas y de la salud;Asociación Latinoamericana de Tórax;https://www.caicyt-conicet.gov.ar/sitio/respirar-ciudad-autonoma-de-buenos-aires/
Rev IISE;1852-6586;2250-5555;Ciencias sociales y humanidades;;https://www.caicyt-conicet.gov.ar/sitio/rev-iise/
Revista administración pública y sociedad (En línea);;2524-9568;Ciencias sociales y humanidades;Universidad Nacional de Córdoba;https://www.caicyt-conicet.gov.ar/sitio/revista-administracion-publica-y-sociedad-en-linea/
Revista agronómica del noroeste argentino;0080-2069;2314-369X;Ciencias agrarias, ingeniería y materiales;;https://www.caicyt-conicet.gov.ar/sitio/revista-agronomica-del-noroeste-argentino/
Revista americana de medicina respiratoria;1852-1630;1852-236X;Ciencias biológicas y de la salud;;https://www.caicyt-conicet.gov.ar/sitio/revista-americana-de-medicina-respiratoria/
Revista argentina de anatomía clínica;;1852-8023;Ciencias biológicas y de la salud;;https://www.caicyt-conicet.gov.ar/sitio/revista-argentina-de-anatomia-clinica/
Revista argentina de antropología biológica;1514-7991;1853-6387;Ciencias sociales y humanidades;;https://www.caicyt-conicet.gov.ar/sitio/revista-argentina-de-antropologia-biologica/
Revista argentina de cardiología;0034-7000;1850-3748;Ciencias biológicas y de la salud;;https://www.caicyt-conicet.gov.ar/sitio/revista-argentina-de-cardiologia/
Revista argentina de ciencia política (Buenos Aires);0329-3092;2683-9032;Ciencias sociales y humanidades;;https://www.caicyt-conicet.gov.ar/sitio/revista-argentina-de-ciencia-politica-buenos-aires/
Revista argentina de ciencias del comportamiento;;1852-4206;Ciencias sociales y humanidades;;https://www.caicyt-conicet.gov.ar/sitio/revista-argentina-de-ciencias-del-comportamiento/
Revista argentina de cirugía;0048-7600;2250-639X;Ciencias biológicas y de la salud;;https://www.caicyt-conicet.gov.ar/sitio/revista-argentina-de-cirugia/
Revista argentina de clínica psicológica;0327-6716;1851-7951;Ciencias sociales y humanidades;;https://www.caicyt-conicet.gov.ar/sitio/revista-argentina-de-clinica-psicologica/
Revista Argentina de Coloproctología;;2683-7846;Ciencias biológicas y de la salud;Sociedad Argtina de Coloproctología;https://www.caicyt-conicet.gov.ar/sitio/revista-argentina-de-coloproctologia/
Revista argentina de dermatología;0325-2787;1851-300X;Ciencias biológicas y de la salud;;https://www.caicyt-conicet.gov.ar/sitio/revista-argentina-de-dermatologia/
Revista argentina de endocrinología y metabolismo (1983);0326-4610;1851-3034;Ciencias biológicas y de la salud;;https://www.caicyt-conicet.gov.ar/sitio/revista-argentina-de-endocrinologia-y-metabolismo-1983/
Revista argentina de estudios de juventud;;1852-4907;Ciencias sociales y humanidades;Facultad de Periodismo y Comunicación Social, Universidad Nacional de La Plata;https://www.caicyt-conicet.gov.ar/sitio/revista-argentina-de-estudios-de-juventud/
Revista argentina de historiografía lingüística;;1852-1495;Ciencias sociales y humanidades;;https://www.caicyt-conicet.gov.ar/sitio/revista-argentina-de-historiografia-linguistica/
Revista argentina de medicina (En línea);;2618-4311;Ciencias biológicas y de la salud;Sociedad Argtina de Medicina;https://www.caicyt-conicet.gov.ar/sitio/revista-argentina-de-medicina-en-linea/
Revista argentina de microbiología;0325-7541;1851-7617;Ciencias biológicas y de la salud;;https://www.caicyt-conicet.gov.ar/sitio/revista-argentina-de-microbiologia/
Revista argentina de producción animal;0326-0550;2314-324X;Ciencias agrarias, ingeniería y materiales;;https://www.caicyt-conicet.gov.ar/sitio/revista-argentina-de-produccion-animal/
Revista argentina de radiología;0048-7619;1852-9992;Ciencias biológicas y de la salud;;https://www.caicyt-conicet.gov.ar/sitio/revista-argentina-de-radiologia/
Revista argentina de reumatología (1990);0327-4411;2362-3675;Ciencias biológicas y de la salud;;https://www.caicyt-conicet.gov.ar/sitio/revista-argentina-de-reumatologia-1990/
Revista argentina de salud pública;1852-8724;1853-810X;Ciencias biológicas y de la salud;;https://www.caicyt-conicet.gov.ar/sitio/revista-argentina-de-salud-publica/
Revista argentina de terapia intensiva;;2591-3387;Ciencias biológicas y de la salud;Sociedad Argtina de Terapia Intsiva ;https://www.caicyt-conicet.gov.ar/sitio/revista-argentina-de-terapia-intensiva/
Revista Asia América Latina;;2524-9347;Ciencias sociales y humanidades;Grupo de Estudios sobre Asia y América Latina, Instituto de América Latina y el Caribe;https://www.caicyt-conicet.gov.ar/sitio/revista-asia-america-latina/
Revista Bíblica (En línea);;2683-7153;Ciencias sociales y humanidades;Asociación Bíblica Argtina;https://www.caicyt-conicet.gov.ar/sitio/revista-biblica-en-linea/
Revista chuy;;2422-5932;Ciencias sociales y humanidades;Universidad Nacional de Tres de Febrero;https://www.caicyt-conicet.gov.ar/sitio/revista-chuy/
Revista científica arbitrada de la Fundación MenteClara;;2469-0783;Ciencias sociales y humanidades;Fundación MteClara;https://www.caicyt-conicet.gov.ar/sitio/revista-cientifica-arbitrada-de-la-fundacion-menteclara/
Revista Científica de la Facultad de Derecho y Ciencias Sociales y Políticas;;2953-4232;Ciencias sociales y humanidades;;https://www.caicyt-conicet.gov.ar/sitio/revista-cientifica-de-la-facultad-de-derecho-y-ciencias-sociales-y-politicas/
Revista contenciosa;;2347-0011;Ciencias sociales y humanidades;Facultad de Humanidades y Cicias Universidad Nacional del Litoral;https://www.caicyt-conicet.gov.ar/sitio/revista-contenciosa/
Revista de arqueología histórica argentina y latinoamericana (En línea);;2344-9918;Ciencias sociales y humanidades;Asociación de Arqueólogos Profesionales de la República Argtina;https://www.caicyt-conicet.gov.ar/sitio/revista-de-arqueologia-historica-argentina-y-latinoamericana-en-linea/
Revista de ciencia y tecnología (Posadas);0329-8922;1851-7587;Ciencias exactas y naturales;;https://www.caicyt-conicet.gov.ar/sitio/revista-de-ciencia-y-tecnologia-posadas/
Revista de economía política de Buenos Aires;1850-6933;1853-1350;Ciencias sociales y humanidades;;https://www.caicyt-conicet.gov.ar/sitio/revista-de-economia-politica-de-buenos-aires/
Revista de economía y estadística (Córdoba. En línea);;2451-7321;Ciencias sociales y humanidades;Facultad de Cicias Económicas, Universidad Nacional de Córdoba;https://www.caicyt-conicet.gov.ar/sitio/revista-de-economia-y-estadistica-cordoba-en-linea/
Revista de educación;1853-1318;1853-1326;Ciencias sociales y humanidades;;https://www.caicyt-conicet.gov.ar/sitio/revista-de-educacion/
Revista de educación en biología (En línea);;2344-9225;Ciencias sociales y humanidades;Asociación de Doctes  Cicias Biológicas de la Argtina;https://www.caicyt-conicet.gov.ar/sitio/revista-de-educacion-en-biologia-en-linea/
Revista de enseñanza de la física (En línea);;2250-6101;Ciencias sociales y humanidades;Facultad de Matemática, Astronomía, Física y Computación, Universidad Nacional de Córdoba;https://www.caicyt-conicet.gov.ar/sitio/revista-de-ensenanza-de-la-fisica-en-linea/
Revista de estudios clásicos;0325-3465;2469-0643;Ciencias sociales y humanidades;;https://www.caicyt-conicet.gov.ar/sitio/revista-de-estudios-clasicos/
Revista de estudios marítimos y sociales (En línea);;2545-6237;Ciencias sociales y humanidades;Universidad Nacional de Mar del Plata;https://www.caicyt-conicet.gov.ar/sitio/revista-de-estudios-maritimos-y-sociales-en-linea/
Revista de estudios sobre genocidio (En línea);;2362-3985;Ciencias sociales y humanidades;Universidad Nacional de Tres de Febrero;https://www.caicyt-conicet.gov.ar/sitio/revista-de-estudios-sobre-genocidio-en-linea/
Revista de extensión universitaria +E (En línea);;2346-9986;Ciencias sociales y humanidades;;https://www.caicyt-conicet.gov.ar/sitio/revista-de-extension-universitaria-e-en-linea/
Revista de filosofía y teoría política;0328-6223;2314-2553;Ciencias sociales y humanidades;;https://www.caicyt-conicet.gov.ar/sitio/revista-de-filosofia-y-teoria-politica/
Revista de geografía (San Juan);1514-1942;2618-2084;Ciencias sociales y humanidades;;https://www.caicyt-conicet.gov.ar/sitio/revista-de-geografia-san-juan/
Revista de geología aplicada a la ingeniería y el ambiente (En línea);;2422-5703;Ciencias exactas y naturales;Asociación Argtina de Geología Aplicada a la Ingiería;https://www.caicyt-conicet.gov.ar/sitio/revista-de-geologia-aplicada-a-la-ingenieria-y-el-ambiente-en-linea/
Revista de historia americana y argentina;0556-5960;2314-1549;Ciencias sociales y humanidades;;https://www.caicyt-conicet.gov.ar/sitio/revista-de-historia-americana-y-argentina/
Revista de historia de las prisiones;;2451-6473;Ciencias sociales y humanidades;;https://www.caicyt-conicet.gov.ar/sitio/revista-de-historia-de-las-prisiones/
Revista de historia del derecho;0325-1918;1853-1784;Ciencias sociales y humanidades;;https://www.caicyt-conicet.gov.ar/sitio/revista-de-historia-del-derecho/
Revista de la Asociación Argentina de Ortopedia y Traumatología;1515-1786;1852-7434;Ciencias biológicas y de la salud;;https://www.caicyt-conicet.gov.ar/sitio/revista-de-la-asociacion-argentina-de-ortopedia-y-traumatologia/
Revista de la Asociación Geológica Argentina;0004-4822;1851-8249;Ciencias exactas y naturales;;https://www.caicyt-conicet.gov.ar/sitio/revista-de-la-asociacion-geologica-argentina/
Revista de la Asociación Odontológica Argentina;0004-4881;2683-7226;Ciencias biológicas y de la salud;;https://www.caicyt-conicet.gov.ar/sitio/revista-de-la-asociacion-odontologica-argentina/
Revista de la Carrera de Sociología (Universidad de Buenos Aires);;1853-6484;Ciencias sociales y humanidades;Facultad de Cicias Sociales, Universidad de Buos Aires;https://www.caicyt-conicet.gov.ar/sitio/revista-de-la-carrera-de-sociologia-universidad-de-buenos-aires/
Revista de la Escuela de Antropología (En línea);;2618-2998;Ciencias sociales y humanidades;Universidad Nacional de Rosario;https://www.caicyt-conicet.gov.ar/sitio/revista-de-la-escuela-de-antropologia-en-linea/
Revista de la Escuela de Ciencias de la Educación;1851-6297;2362-3349;Ciencias sociales y humanidades;;https://www.caicyt-conicet.gov.ar/sitio/revista-de-la-escuela-de-ciencias-de-la-educacion/
Revista de la Facultad;1850-9371;2314-3061;Ciencias sociales y humanidades;;https://www.caicyt-conicet.gov.ar/sitio/revista-de-la-facultad/
Revista de la Facultad de Agronomía (La Plata);0041-8676;1669-9513;Ciencias agrarias, ingeniería y materiales;;https://www.caicyt-conicet.gov.ar/sitio/revista-de-la-facultad-de-agronomia-la-plata/
Revista de la Facultad de Ciencias Agrarias. Universidad Nacional de Cuyo;0370-4661;1853-8665;Ciencias agrarias, ingeniería y materiales;;https://www.caicyt-conicet.gov.ar/sitio/revista-de-la-facultad-de-ciencias-agrarias-universidad-nacional-de-cuyo/
Revista de la Facultad de Ciencias Económicas (En línea);;1668-6365;Ciencias sociales y humanidades;Universidad Nacional del Nordeste;https://www.caicyt-conicet.gov.ar/sitio/revista-de-la-facultad-de-ciencias-economicas-en-linea/
Revista de la Facultad de Ciencias Médicas de Córdoba;0014-6722;1853-0605;Ciencias biológicas y de la salud;;https://www.caicyt-conicet.gov.ar/sitio/revista-de-la-facultad-de-ciencias-medicas-de-cordoba/
Revista de la Facultad de Odontología. Universidad de Buenos Aires (En línea);;1668-8538;Ciencias biológicas y de la salud;Facultad de Odontología Universidad de Buos Aires;https://www.caicyt-conicet.gov.ar/sitio/revista-de-la-facultad-de-odontologia-universidad-de-buenos-aires-en-linea/
Revista de la Sociedad Argentina de Diabetes (En línea);0325-5247;2346-9420;Ciencias biológicas y de la salud;Sociedad Argtina de Diabetes ;https://www.caicyt-conicet.gov.ar/sitio/revista-de-la-sociedad-argentina-de-diabetes-en-linea/
Revista de la Sociedad Entomológica Argentina;0373-5680;1851-7471;Ciencias exactas y naturales;;https://www.caicyt-conicet.gov.ar/sitio/revista-de-la-sociedad-entomologica-argentina/
Revista de nefrología, diálisis y transplante;0326-3428;2346-8548;Ciencias biológicas y de la salud;;https://www.caicyt-conicet.gov.ar/sitio/revista-de-nefrologia-dialisis-y-transplante/
Revista de psicología;1669-2438;2469-2050;Ciencias sociales y humanidades;;https://www.caicyt-conicet.gov.ar/sitio/revista-de-psicologia/
Revista de psicología (La Plata, 2008, En línea);;2422-572X;Ciencias sociales y humanidades;Facultad de Psicología, Universidad Nacional de La Plata;https://www.caicyt-conicet.gov.ar/sitio/revista-de-psicologia-la-plata-2008-en-linea/
Revista de salud pública (Córdoba);1853-1180;1852-9429;Ciencias biológicas y de la salud;;https://www.caicyt-conicet.gov.ar/sitio/revista-de-salud-publica-cordoba/
Revista del Centro de Estudios de Sociología del Trabajo;1852-4648;1852-494X;Ciencias sociales y humanidades;;https://www.caicyt-conicet.gov.ar/sitio/revista-del-centro-de-estudios-de-sociologia-del-trabajo/
Revista del IICE (Ciudad Autónoma de Buenos Aires, En línea);;2451-5434;Ciencias sociales y humanidades;Facultad de Filosofía y Letras Universidad de Buos Aires;https://www.caicyt-conicet.gov.ar/sitio/revista-del-iice-ciudad-autonoma-de-buenos-aires-en-linea/
Revista del Instituto Superior de Música (En línea);;2362-3322;Ciencias sociales y humanidades;Instituto Superior de Música, Universidad Nacional del Litoral;https://www.caicyt-conicet.gov.ar/sitio/revista-del-instituto-superior-de-musica-en-linea/
Revista del Museo Argentino de Ciencias Naturales;1514-5158;1853-0400;Ciencias exactas y naturales;;https://www.caicyt-conicet.gov.ar/sitio/revista-del-museo-argentino-de-ciencias-naturales/
Revista del Museo de Antropología;1852-060X;1852-4826;Ciencias sociales y humanidades;;https://www.caicyt-conicet.gov.ar/sitio/revista-del-museo-de-antropologia/
Revista derecho y salud (En línea);;2591-3476;Ciencias sociales y humanidades;Universidad Blas Pascal;https://www.caicyt-conicet.gov.ar/sitio/revista-derecho-y-salud-en-linea/
Revista derechos en acción (En línea);;2525-1686;Ciencias sociales y humanidades;Facultad de Derecho, Universidad Nacional de La Plata;https://www.caicyt-conicet.gov.ar/sitio/revista-derechos-en-accion-en-linea/
Revista Discusiones (En línea);;2718-6474;Ciencias sociales y humanidades;Universidad Nacional del Sur;https://www.caicyt-conicet.gov.ar/sitio/revista-discusiones-en-linea/
Revista electrónica (Instituto de Investigaciones Jurídicas y Sociales Ambrosio L. Gioja);;1851-3069;Ciencias sociales y humanidades;Universidad de Buos Aires;https://www.caicyt-conicet.gov.ar/sitio/revista-electronica-instituto-de-investigaciones-juridicas-y-sociales-ambrosio-l-gioja/
Revista electrónica de derecho internacional contemporáneo (En línea);;2618-303X;Ciencias sociales y humanidades;Universidad Nacional de La Plata;https://www.caicyt-conicet.gov.ar/sitio/revista-electronica-de-derecho-internacional-contemporaneo-en-linea/
Revista Electrónica de divulgación de STEM de la Facultad de Ingeniería de la Universidad Nacional de la Patagonia San Juan Bosco;;2683-8648;Ciencias exactas y naturales;Universidad Nacional de la Patagonia San Juan Bosco;https://www.caicyt-conicet.gov.ar/sitio/revista-electronica-de-divulgacion-de-stem-de-la-facultad-de-ingenieria-de-la-universidad-nacional-de-la-patagonia-san-juan-bosco/
Revista electrónica de fuentes y archivos;;1853-4503;Ciencias sociales y humanidades;;https://www.caicyt-conicet.gov.ar/sitio/revista-electronica-de-fuentes-y-archivos/
Revista electrónica de investigación en educación en ciencias;;1850-6666;Ciencias sociales y humanidades;;https://www.caicyt-conicet.gov.ar/sitio/revista-electronica-de-investigacion-en-educacion-en-ciencias/
Revista elektrón;;2525-0159;Ciencias agrarias, ingeniería y materiales;;https://www.caicyt-conicet.gov.ar/sitio/revista-elektron/
Revista enfermería neonatal;;2591-6424;Ciencias biológicas y de la salud;Fundación para la Salud Materno Infantil;https://www.caicyt-conicet.gov.ar/sitio/revista-enfermeria-neonatal/
Revista entramados;;2422-6459;Ciencias sociales y humanidades;Facultad de Humanidades, Universidad Nacional de Mar del Plata;https://www.caicyt-conicet.gov.ar/sitio/revista-entramados/
Revista Escuela de historia;1667-4162;1669-9041;Ciencias sociales y humanidades;;https://www.caicyt-conicet.gov.ar/sitio/revista-escuela-de-historia/
Revista eurolatinoamericana de derecho administrativo;;2362-583X;Ciencias sociales y humanidades;Universidad Nacional del Litoral;https://www.caicyt-conicet.gov.ar/sitio/revista-eurolatinoamericana-de-derecho-administrativo/
Revista Hormigón (En línea);;2718-9058;Ciencias agrarias, ingeniería y materiales;Asociación Argtina de Tecnología del Hormigón ;https://www.caicyt-conicet.gov.ar/sitio/revista-hormigon-en-linea/
Revista iberoamericana de ciencia tecnología y sociedad;1668-0030;1850-0013;Ciencias sociales y humanidades;;https://www.caicyt-conicet.gov.ar/sitio/revista-iberoamericana-de-ciencia-tecnologia-y-sociedad/
Revista iberoamericana de tecnología en educación y educación en tecnología;1851-0086;1850-9959;Ciencias agrarias, ingeniería y materiales;;https://www.caicyt-conicet.gov.ar/sitio/revista-iberoamericana-de-tecnologia-en-educacion-y-educacion-en-tecnologia/
Revista industrial y agrícola de Tucumán;0370-5404;1851-3018;Ciencias agrarias, ingeniería y materiales;;https://www.caicyt-conicet.gov.ar/sitio/revista-industrial-y-agricola-de-tucuman/
Revista IRICE (En línea);;2618-4052;Ciencias sociales y humanidades;Instituto Rosario de Investigaciones  Cicias de la Educación;https://www.caicyt-conicet.gov.ar/sitio/revista-irice-en-linea/
Revista Jurídica Austral (En línea);;2684-057X;Ciencias sociales y humanidades;Facultad de Derecho Universidad Austral;https://www.caicyt-conicet.gov.ar/sitio/revista-juridica-austral-en-linea/
Revista Latinoamericana de Antropología del Trabajo;;2591-2755;Ciencias sociales y humanidades;Ctro de Estudios e Investigaciones Laborales, Consejo Nacional de Investigaciones Citíficas y Técnicas ;https://www.caicyt-conicet.gov.ar/sitio/revista-latinoamericana-de-antropologia-del-trabajo/
Revista latinoamericana de estudios críticos animales;;2346-920X;Ciencias sociales y humanidades;Instituto Latinoamericano de Estudios Críticos Animales;https://www.caicyt-conicet.gov.ar/sitio/revista-latinoamericana-de-estudios-criticos-animales/
Revista latinoamericana de estudios rurales;;2525-1635;Ciencias sociales y humanidades;;https://www.caicyt-conicet.gov.ar/sitio/revista-latinoamericana-de-estudios-rurales/
Revista latinoamericana de estudios sobre cuerpos, emociones y sociedad;;1852-8759;Ciencias sociales y humanidades;;https://www.caicyt-conicet.gov.ar/sitio/revista-latinoamericana-de-estudios-sobre-cuerpos-emociones-y-sociedad/
Revista latinoamericana de filosofía;0325-0725;1852-7353;Ciencias sociales y humanidades;;https://www.caicyt-conicet.gov.ar/sitio/revista-latinoamericana-de-filosofia/
Revista latinoamericana de filosofía política;;2250-8619;Ciencias sociales y humanidades;Ctro de Investigaciones Filosóficas, Consejo Nacional de Investigaciones Citíficas y Técnicas ;https://www.caicyt-conicet.gov.ar/sitio/revista-latinoamericana-de-filosofia-politica/
Revista latinoamericana de metodología de la investigación social;;1853-6190;Ciencias sociales y humanidades;;https://www.caicyt-conicet.gov.ar/sitio/revista-latinoamericana-de-metodologia-de-la-investigacion-social/
Revista latinoamericana de metodología de las ciencias sociales;;1853-7863;Ciencias sociales y humanidades;;https://www.caicyt-conicet.gov.ar/sitio/revista-latinoamericana-de-metodologia-de-las-ciencias-sociales/
Revista latinoamericana de políticas y administración de la educación;;2408-4573;Ciencias sociales y humanidades;;https://www.caicyt-conicet.gov.ar/sitio/revista-latinoamericana-de-politicas-y-administracion-de-la-educacion/
Revista notas de enfermería;;2618-3692;Ciencias biológicas y de la salud;Sanatorio Allde;https://www.caicyt-conicet.gov.ar/sitio/revista-notas-de-enfermeria/
Revista Pilquen. Sección ciencias sociales;1666-0579;1851-3123;Ciencias sociales y humanidades;;https://www.caicyt-conicet.gov.ar/sitio/revista-pilquen-seccion-ciencias-sociales/
Revista prefacio;;2591-3905;Ciencias sociales y humanidades;Universidad Nacional de Córdoba;https://www.caicyt-conicet.gov.ar/sitio/revista-prefacio/
Revista SAAP;1666-7883;1853-1970;Ciencias sociales y humanidades;;https://www.caicyt-conicet.gov.ar/sitio/revista-saap/
Revista TEFROS;;1669-726X;Ciencias sociales y humanidades;;https://www.caicyt-conicet.gov.ar/sitio/revista-tefros/
Revista Teología;0328-1396;2683-7307;Ciencias sociales y humanidades;Facultad de Teología, Pontificia Universidad Católica Argtina;https://www.caicyt-conicet.gov.ar/sitio/revista-teologia/
Revista transporte y territorio;;1852-7175;Ciencias sociales y humanidades;;https://www.caicyt-conicet.gov.ar/sitio/revista-transporte-y-territorio/
Revista Unidad Sanitaria XXI;;2718-8388;Ciencias biológicas y de la salud;Universidad Nacional de La Pampa ;https://www.caicyt-conicet.gov.ar/sitio/revista-unidad-sanitaria-xxi/
Revista universitaria de geografía;0326-8373;1852-4265;Ciencias sociales y humanidades;;https://www.caicyt-conicet.gov.ar/sitio/revista-universitaria-de-geografia/
Revista veterinaria;1668-4834;1669-6840;Ciencias agrarias, ingeniería y materiales;;https://www.caicyt-conicet.gov.ar/sitio/revista-veterinaria/
RIA. Revista de investigaciones agropecuarias;0325-8718;1669-2314;Ciencias agrarias, ingeniería y materiales;;https://www.caicyt-conicet.gov.ar/sitio/ria-revista-de-investigaciones-agropecuarias/
RiHumSo;;2250-8139;Ciencias sociales y humanidades;Universidad Nacional de La Matanza;https://www.caicyt-conicet.gov.ar/sitio/rihumso/
Runa;0325-1217;1851-9628;Ciencias sociales y humanidades;;https://www.caicyt-conicet.gov.ar/sitio/runa/
Saberes (Rosario);1852-4184;1852-4222;Ciencias sociales y humanidades;;https://www.caicyt-conicet.gov.ar/sitio/saberes-rosario/
SADIO electronic journal of informatics and operations research;;1514-6774;Ciencias agrarias, ingeniería y materiales;Sociedad Argtina de Informática e Investigación Operativa ;https://www.caicyt-conicet.gov.ar/sitio/sadio-electronic-journal-of-informatics-and-operations-research/
Salud colectiva;1669-2381;1851-8265;Ciencias sociales y humanidades;;https://www.caicyt-conicet.gov.ar/sitio/salud-colectiva/
Salud(i)ciencia;1667-8982;1667-8990;Ciencias biológicas y de la salud;;https://www.caicyt-conicet.gov.ar/sitio/saludiciencia/
Salud, Ciencia y Tecnología;;2796-9711;Ciencias biológicas y de la salud;Asociación Salud, Cicia y Tecnología;https://www.caicyt-conicet.gov.ar/sitio/salud-ciencia-y-tecnologia/
Scripta ethnologica (En línea);;1669-0990;Ciencias sociales y humanidades;Ctro Argtino de Etnología Americana;https://www.caicyt-conicet.gov.ar/sitio/scripta-ethnologica-en-linea/
Scripta mediaevalia (En línea);;2362-4868;Ciencias sociales y humanidades;Facultad de Filosofía y Letras, Universidad Nacional de Cuyo;https://www.caicyt-conicet.gov.ar/sitio/scripta-mediaevalia-en-linea/
Serie correlación geológica;1514-4186;1666-9479;Ciencias exactas y naturales;;https://www.caicyt-conicet.gov.ar/sitio/serie-correlacion-geologica/
Signo y seña (En línea);0327-8956;2314-2189;Ciencias sociales y humanidades;;https://www.caicyt-conicet.gov.ar/sitio/signo-y-sena-en-linea/
Sociedad y religión;0326-9795;1853-7081;Ciencias sociales y humanidades;;https://www.caicyt-conicet.gov.ar/sitio/sociedad-y-religion/
Sociedades precapitalistas;;2250-5121;Ciencias sociales y humanidades;;https://www.caicyt-conicet.gov.ar/sitio/sociedades-precapitalistas/
Sociohistórica (continúa de Cuadernos del CISH);1853-6344;1852-1606;Ciencias sociales y humanidades;;https://www.caicyt-conicet.gov.ar/sitio/sociohistorica-continua-de-cuadernos-del-cish/
Studia politicae;1669-7405;2408-4182;Ciencias sociales y humanidades;;https://www.caicyt-conicet.gov.ar/sitio/studia-politicae/
Studium, filosofía y teología (En línea);;2591-426X;Ciencias sociales y humanidades;Universidad del Norte Santo Tomas de Aquino;https://www.caicyt-conicet.gov.ar/sitio/studium-filosofia-y-teologia-en-linea/
Subjetividad y procesos cognitivos (En línea);;1852-7310;Ciencias sociales y humanidades;Universidad de Cicias Empresariales y Sociales;https://www.caicyt-conicet.gov.ar/sitio/subjetividad-y-procesos-cognitivos-en-linea/
Sudamérica (Mar del Plata, En línea);;2314-1174;Ciencias sociales y humanidades;Universidad Nacional de Mar del Plata;https://www.caicyt-conicet.gov.ar/sitio/sudamerica-mar-del-plata-en-linea/
Synthesis (La Plata);0328-1205;1851-779X;Ciencias sociales y humanidades;;https://www.caicyt-conicet.gov.ar/sitio/synthesis-la-plata/
Tábano (En línea);;2591-572X;Ciencias sociales y humanidades;Universidad Católica Argtina;https://www.caicyt-conicet.gov.ar/sitio/tabano-en-linea/
Tecnología y ciencia (En línea);;1666-6933;Ciencias agrarias, ingeniería y materiales;Universidad Tecnológica Nacional;https://www.caicyt-conicet.gov.ar/sitio/tecnologia-y-ciencia-en-linea/
Telar (En línea);1668-2963;1668-3633;Ciencias sociales y humanidades;;https://www.caicyt-conicet.gov.ar/sitio/telar-en-linea/
Temas de historia argentina y americana (En línea);;2618-1924;Ciencias sociales y humanidades;Facultad de Cicias Sociales, Pontificia Universidad Católica Argtina;https://www.caicyt-conicet.gov.ar/sitio/temas-de-historia-argentina-y-americana-en-linea/
Temas medievales;0327-5094;1850-2628;Ciencias sociales y humanidades;;https://www.caicyt-conicet.gov.ar/sitio/temas-medievales/
Temas y debates;1666-0714;1853-984X;Ciencias sociales y humanidades;;https://www.caicyt-conicet.gov.ar/sitio/temas-y-debates/
Testimonios (Ciudad Autónoma de Buenos Aires. 2009);;1852-4532;Ciencias sociales y humanidades;Universidad Nacional de Córdoba;https://www.caicyt-conicet.gov.ar/sitio/testimonios-ciudad-autonoma-de-buenos-aires-2009/
Toma Uno;;2250-4524;Ciencias sociales y humanidades;Facultad de Artes, Universidad Nacional de Córdoba;https://www.caicyt-conicet.gov.ar/sitio/toma-uno/
Tópicos (Santa Fe);1666-485X;1666-723X;Ciencias sociales y humanidades;;https://www.caicyt-conicet.gov.ar/sitio/topicos-santa-fe/
Trabajo y sociedad (Santiago del Estero);;1514-6871;Ciencias sociales y humanidades;;https://www.caicyt-conicet.gov.ar/sitio/trabajo-y-sociedad-santiago-del-estero/
Trabajos y comunicaciones – Departamento de Historia (La Plata);0325-173X;2346-8971;Ciencias sociales y humanidades;;https://www.caicyt-conicet.gov.ar/sitio/trabajos-y-comunicaciones-departamento-de-historia-la-plata/
Travesía (San Miguel de Tucumán);0329-9449;2314-2707;Ciencias sociales y humanidades;;https://www.caicyt-conicet.gov.ar/sitio/travesia-san-miguel-de-tucuman/
Vertex Revista Argentina de Psiquiatría (En línea);0327-6139;2718-904X;Ciencias biológicas y de la salud;;https://www.caicyt-conicet.gov.ar/sitio/vertex-revista-argentina-de-psiquiatria-en-linea/
Visión de futuro;1669-7634;1668-8708;Ciencias sociales y humanidades;;https://www.caicyt-conicet.gov.ar/sitio/vision-de-futuro/
Zona franca (Rosario, En línea);;2545-6504;Ciencias sociales y humanidades;Facultad de Humanidades y Artes, Universidad Nacional de Rosario;https://www.caicyt-conicet.gov.ar/sitio/zona-franca-rosario-en-linea/
1991. Revista de estudios internacionales;;2683-720X;Ciencias sociales y humanidades;Facultad de Cicias Sociales, Universidad Nacional de Córdoba ;https://www.caicyt-conicet.gov.ar/sitio/1991-revista-de-estudios-internacionales/
